pair,binance_symbol,timeframe,strategy,total_trades,winning_trades,losing_trades,scratch_trades,win_rate_pct,profit_factor,initial_balance_usdt,final_balance_usdt,gross_pnl_usdt,total_fees_usdt,net_pnl_usdt,total_roi_pct,max_drawdown_usdt,max_drawdown_pct,sharpe_ratio,sortino_ratio,calmar_ratio,monthly_signal_frequency,avg_trade_pnl_usdt,avg_win_usdt,avg_loss_usdt,win_loss_ratio,long_trades,long_win_rate_pct,short_trades,short_win_rate_pct,leverage,margin_pct,is_zero_fee,maker_fee_rate,taker_fee_rate,fee_schedule,slippage_pct,date_start,date_end,timespan_days,execution_status,source_file
TRUMP_USDT,TRUMPUSDT,1d,ORDER_BLOCK_DEMAND,2,2,0,0,100.0,999.0,100.0,247.92,147.92,0.0,147.92,147.92,0.0,0.0,418.02,0.0,0.0,0.39,73.959,73.959,0.0,0.0,1,100.0,1,100.0,15,10.0,True,0.0,0.0,0.00% (Zero-Fee),0.001,2026-03-27 00:00:00 UTC,2026-08-31 23:59:59 UTC,158.0,SUCCESS,results_TRUMP_USDT_1d.json
AIXBT_USDT,AIXBTUSDT,1d,ORDER_BLOCK_DEMAND,6,2,4,0,33.33,1.77,100.0,132.99,32.99,0.0,32.99,32.99,42.82,24.36,22.33,77.61,1.35,1.0,5.499,37.907,10.705,3.54,3,66.67,3,0.0,15,10.0,True,0.0,0.0,0.00% (Zero-Fee),0.001,2026-03-27 00:00:00 UTC,2026-09-25 23:59:59 UTC,183.0,SUCCESS,results_AIXBT_USDT_1d.json
TRX_USDT,TRXUSDT,1h,ORDER_BLOCK_DEMAND,11,9,2,0,81.82,2.64,100.0,120.66,21.4,0.736,20.66,20.66,10.23,7.85,30.54,24.58,2.63,1.83,1.878,3.699,6.315,0.59,7,85.71,4,75.0,15,10.0,False,0.0,0.0002,0.02% Taker,0.0005,2026-03-26 17:00:00 UTC,2026-09-25 16:59:59 UTC,183.0,SUCCESS,results_TRX_USDT_1h.json
BOME_USDT,BOMEUSDT,1d,ORDER_BLOCK_DEMAND,2,1,1,0,50.0,2.81,100.0,116.68,16.68,0.0,16.68,16.68,9.24,7.34,30.73,98.49,2.27,0.33,8.341,25.921,9.239,2.81,1,100.0,1,0.0,15,10.0,True,0.0,0.0,0.00% (Zero-Fee),0.001,2026-03-27 00:00:00 UTC,2026-09-25 23:59:59 UTC,183.0,SUCCESS,results_BOME_USDT_1d.json
KOMA_USDT,KOMAUSDT,1d,ORDER_BLOCK_DEMAND,4,1,3,0,25.0,1.71,100.0,112.17,12.17,0.0,12.17,12.17,17.12,17.12,16.09,54.91,0.71,0.67,3.043,29.294,5.708,5.13,2,50.0,2,0.0,15,10.0,True,0.0,0.0,0.00% (Zero-Fee),0.001,2026-03-27 00:00:00 UTC,2026-09-25 23:59:59 UTC,183.0,SUCCESS,results_KOMA_USDT_1d.json
AVAX_USDT,AVAXUSDT,1h,ORDER_BLOCK_DEMAND,11,6,5,0,54.55,2.0,100.0,111.77,12.45,0.678,11.77,11.77,6.3,6.3,20.53,33.25,1.87,1.83,1.07,3.923,2.354,1.67,2,100.0,9,44.44,15,10.0,False,0.0,0.0002,0.02% Taker,0.0005,2026-03-26 17:00:00 UTC,2026-09-25 16:59:59 UTC,183.0,SUCCESS,results_AVAX_USDT_1h.json
MELANIA_USDT,MELANIAUSDT,1d,ORDER_BLOCK_DEMAND,2,2,0,0,100.0,999.0,100.0,109.06,9.06,0.0,9.06,9.06,0.0,0.0,81.07,0.0,0.0,0.67,4.532,4.532,0.0,0.0,0,0.0,2,100.0,15,10.0,True,0.0,0.0,0.00% (Zero-Fee),0.001,2026-06-27 00:00:00 UTC,2026-09-25 23:59:59 UTC,91.0,SUCCESS,results_MELANIA_USDT_1d.json
XRP_USDT,XRPUSDT,1d,ORDER_BLOCK_DEMAND,1,1,0,0,100.0,999.0,100.0,107.34,7.4,0.058,7.34,7.34,0.0,0.0,0.0,0.0,0.0,0.17,7.339,7.339,0.0,0.0,0,0.0,1,100.0,15,10.0,False,0.0,0.0002,0.02% Taker,0.0005,2026-03-27 00:00:00 UTC,2026-09-25 23:59:59 UTC,183.0,SUCCESS,results_XRP_USDT_1d.json
LTC_USDT,LTCUSDT,1d,ORDER_BLOCK_DEMAND,2,1,1,0,50.0,1.73,100.0,106.64,6.77,0.135,6.64,6.64,9.03,7.81,18.41,39.14,0.85,0.33,3.318,15.666,9.031,1.73,1,100.0,1,0.0,15,10.0,False,0.0,0.0002,0.02% Taker,0.0005,2026-03-27 00:00:00 UTC,2026-09-25 23:59:59 UTC,183.0,SUCCESS,results_LTC_USDT_1d.json
PIPPIN_USDT,PIPPINUSDT,1d,ORDER_BLOCK_DEMAND,7,2,5,0,28.57,1.16,100.0,105.44,5.44,0.0,5.44,5.44,21.27,17.82,8.43,18.45,0.31,1.16,0.777,20.084,6.946,2.89,3,33.33,4,25.0,15,10.0,True,0.0,0.0,0.00% (Zero-Fee),0.001,2026-03-27 00:00:00 UTC,2026-09-25 23:59:59 UTC,183.0,SUCCESS,results_PIPPIN_USDT_1d.json
HYPE_USDT,HYPEUSDT,4h,ORDER_BLOCK_DEMAND,4,2,2,0,50.0,1.17,100.0,102.74,3.0,0.256,2.74,2.74,16.46,13.81,7.7,12.75,0.2,0.67,0.685,9.603,8.232,1.17,2,50.0,2,50.0,15,10.0,False,0.0,0.0002,0.02% Taker,0.0005,2026-03-26 20:00:00 UTC,2026-09-25 19:59:59 UTC,183.0,SUCCESS,results_HYPE_USDT_4h.json
DOGS_USDT,DOGSUSDT,4h,ORDER_BLOCK_DEMAND,13,6,7,0,46.15,1.05,100.0,102.07,2.07,0.0,2.07,2.07,24.24,22.62,4.36,5.41,0.09,4.35,0.159,7.624,6.239,1.22,5,60.0,8,37.5,15,10.0,True,0.0,0.0,0.00% (Zero-Fee),0.001,2026-06-26 16:00:00 UTC,2026-09-25 15:59:59 UTC,91.0,SUCCESS,results_DOGS_USDT_4h.json
XMR_USDT,XMRUSDT,15m,ORDER_BLOCK_DEMAND,52,28,24,0,53.85,1.02,100.0,100.94,3.87,2.934,0.94,0.94,17.66,17.34,1.5,1.57,0.05,8.65,0.018,1.593,1.82,0.88,24,54.17,28,53.57,15,10.0,False,0.0,0.0002,0.02% Taker,0.0005,2026-03-26 17:00:00 UTC,2026-09-25 16:29:59 UTC,183.0,SUCCESS,results_XMR_USDT_15m.json
CHILLGUY_USDT,CHILLGUYUSDT,1d,ORDER_BLOCK_DEMAND,5,1,4,0,20.0,0.91,100.0,98.01,-1.99,0.0,-1.99,-1.99,22.08,22.08,1.74,4.1,-0.09,0.83,-0.398,20.088,5.52,3.64,2,50.0,3,0.0,15,10.0,True,0.0,0.0,0.00% (Zero-Fee),0.001,2026-03-27 00:00:00 UTC,2026-09-25 23:59:59 UTC,183.0,SUCCESS,results_CHILLGUY_USDT_1d.json
MEME_USDT,MEMEUSDT,1d,ORDER_BLOCK_DEMAND,6,1,5,0,16.67,0.55,100.0,85.01,-14.99,0.0,-14.99,-14.99,26.36,26.36,-12.08,-21.44,-0.57,1.0,-2.498,18.158,6.629,2.74,3,0.0,3,33.33,15,10.0,True,0.0,0.0,0.00% (Zero-Fee),0.001,2026-03-27 00:00:00 UTC,2026-09-25 23:59:59 UTC,183.0,SUCCESS,results_MEME_USDT_1d.json
MOG_USDT,1000000MOGUSDT,1d,ORDER_BLOCK_DEMAND,4,0,4,0,0.0,0.0,100.0,80.79,-19.21,0.0,-19.21,-19.21,19.21,19.21,-130.86,-69.15,-1.0,0.67,-4.802,0.0,4.802,0.0,2,0.0,2,0.0,15,10.0,True,0.0,0.0,0.00% (Zero-Fee),0.001,2026-03-27 00:00:00 UTC,2026-09-25 23:59:59 UTC,183.0,SUCCESS,results_MOG_USDT_1d.json
GOAT_USDT,GOATUSDT,4h,ORDER_BLOCK_DEMAND,22,8,14,0,36.36,0.66,100.0,77.49,-22.51,0.0,-22.51,-22.51,45.01,44.28,-9.75,-11.97,-0.51,3.66,-1.023,5.506,4.754,1.16,9,44.44,13,30.77,15,10.0,True,0.0,0.0,0.00% (Zero-Fee),0.001,2026-03-26 20:00:00 UTC,2026-09-25 19:59:59 UTC,183.0,SUCCESS,results_GOAT_USDT_4h.json
WIF_USDT,WIFUSDT,1h,ORDER_BLOCK_DEMAND,98,44,54,0,44.9,0.86,100.0,77.05,-22.95,0.0,-22.95,-22.95,44.99,44.99,-2.07,-2.43,-0.51,16.3,-0.234,3.234,3.06,1.06,49,44.9,49,44.9,15,10.0,True,0.0,0.0,0.00% (Zero-Fee),0.0005,2026-03-26 17:00:00 UTC,2026-09-25 16:59:59 UTC,183.0,SUCCESS,results_WIF_USDT_1h.json
ACT_USDT,ACTUSDT,1d,ORDER_BLOCK_DEMAND,5,0,5,0,0.0,0.0,100.0,72.86,-27.14,0.0,-27.14,-27.14,27.14,27.14,-17102.72,-77.77,-1.0,0.83,-5.429,0.0,5.429,0.0,3,0.0,2,0.0,15,10.0,True,0.0,0.0,0.00% (Zero-Fee),0.001,2026-03-27 00:00:00 UTC,2026-09-25 23:59:59 UTC,183.0,SUCCESS,results_ACT_USDT_1d.json
AVAAI_USDT,AVAAIUSDT,1d,ORDER_BLOCK_DEMAND,8,1,7,0,12.5,0.18,100.0,70.04,-29.96,0.0,-29.96,-29.96,29.96,29.96,-62.82,-54.09,-1.0,1.33,-3.745,6.792,5.25,1.29,4,25.0,4,0.0,15,10.0,True,0.0,0.0,0.00% (Zero-Fee),0.001,2026-03-27 00:00:00 UTC,2026-09-25 23:59:59 UTC,183.0,SUCCESS,results_AVAAI_USDT_1d.json
